{
  "Lw1_per_max": 0.0008862957311357704,
  "Lw1_per_mean": 0.00044259049887768973,
  "Lw2_per_max": 0.0011012687257269537,
  "Lw2_per_mean": 0.00054907655143894,
  "Rel_h": 0.0011484138533126886
}