{
  "Lw1_per_max": 14.454181809608011,
  "Lw1_per_mean": 7.4229755216479365,
  "Lw2_per_max": 24.461656901204577,
  "Lw2_per_mean": 12.343811174401122,
  "Rel_h": 0.8651673207802318
}