{
  "Lw1_per_max": 3.4027699814885897,
  "Lw1_per_mean": 1.712577444038685,
  "Lw2_per_max": 3.528809419597947,
  "Lw2_per_mean": 1.7762759601726024,
  "Rel_h": 0.021001329569964935
}