{
  "Lw1_per_max": 0.02430595648219707,
  "Lw1_per_mean": 0.012099623987583323,
  "Lw2_per_max": 0.030311362516319166,
  "Lw2_per_mean": 0.015052448672604605,
  "Rel_h": 0.006370280536186187
}