{
  "Lw1_per_max": 3.3611198543663985,
  "Lw1_per_mean": 1.691308716028671,
  "Lw2_per_max": 3.483173817062741,
  "Lw2_per_mean": 1.7527035658509291,
  "Rel_h": 0.03372169152206286
}