{
  "Lw1_per_max": 3.8799252234242005,
  "Lw1_per_mean": 1.958787637677022,
  "Lw2_per_max": 4.439385442853468,
  "Lw2_per_mean": 2.242635972911107,
  "Rel_h": 0.025566071818303678
}