{
  "Lw1_per_max": 2.386755417440831e-05,
  "Lw1_per_mean": 1.1917974462778915e-05,
  "Lw2_per_max": 3.2473515349483844e-05,
  "Lw2_per_mean": 1.603629032539063e-05,
  "Rel_h": 0.0005681814867699687
}